Age,Age,Age,Age
mean,min,max,std
27.089685610640867,0.42,50.0,10.365835023595103
58.71875,51.0,80.0,6.528858404307146
